SalesID,SalesPersonID,CustomerID,ProductID,Quantity
1,17,10482,500,500
2,5,1964,306,810
3,8,12300,123,123
4,1,4182,437,437
5,14,15723,246,750
6,14,6000,60,60
7,5,17541,373,373
8,20,9423,183,687
9,1,1,1,10
10,11,11241,310,310
11,2,3023,119,623
12,17,14664,433,937
13,20,5241,250,250
14,8,16482,56,560
15,22,8264,369,873
16,3,18700,187,187
17,17,10482,500,500
18,5,1964,306,810
19,8,12300,123,123
20,1,4182,437,437
21,14,15723,246,750
22,14,6000,60,60
23,5,17541,373,373
24,20,9423,183,687
25,1,1,1,26
26,11,11241,310,310
27,2,3023,119,623
28,17,14664,433,937
29,20,5241,250,250
30,15,19482,86,590
31,6,11264,399,903
32,10,1941,217,217
33,1,13482,26,530
34,12,4964,336,840
35,15,15300,153,153
36,7,7182,467,467
37,21,18723,276,780
38,21,9000,90,90
39,12,782,403,403
40,4,12423,213,717
41,7,3000,30,30
42,18,14241,340,340
43,9,6023,149,653
44,1,17664,463,967
45,4,8241,280,280
46,15,19482,86,590
47,6,11264,399,903
48,10,1941,217,217
49,1,13482,26,530
50,12,4964,336,840
51,15,15300,153,153
52,7,7182,467,467
53,21,18723,276,780
54,21,9000,90,90
55,12,782,403,403
56,4,12423,213,717
57,7,3000,30,30
58,18,14241,340,340
59,9,6023,149,653
60,1,17664,463,967
61,4,8241,280,280
62,15,19482,86,590
63,6,11264,399,903
64,10,1941,217,217
65,1,13482,26,530
66,12,4964,336,840
67,15,15300,153,153
68,7,7182,467,467
69,21,18723,276,780
70,21,9000,90,90
71,12,782,403,403
72,4,12423,213,717
73,7,3000,30,30
74,18,14241,340,340
75,9,6023,149,653
76,1,17664,463,967
77,4,8241,280,280
78,15,19482,86,590
79,6,11264,399,903
80,10,1941,217,217
81,8,16482,56,560
82,22,8264,369,873
83,3,18700,187,187
84,17,10482,500,500
85,5,1964,306,810
86,8,12300,123,123
87,1,4182,437,437
88,14,15723,246,750
89,14,6000,60,60
90,22,19241,390,390
91,10,10723,196,700
92,13,1300,13,13
93,5,12941,327,327
94,19,4723,136,640
95,7,15964,446,950
96,10,6541,263,263
97,2,18182,73,577
98,16,9964,386,890
99,16,241,200,200
100,7,11782,9,513
101,22,3664,323,827
102,2,15300,153,140
103,7,7182,467,467
104,21,18723,276,780
105,21,9000,90,90
106,12,782,403,403
107,4,12423,213,717
108,7,3000,30,30
109,18,14241,340,340
110,9,6023,149,653
111,1,17664,463,967
112,4,8241,280,280
113,15,19482,86,590
114,6,11264,399,903
115,10,1941,217,217
116,1,13482,26,530
117,12,4964,336,840
118,15,15300,153,153
119,7,7182,467,467
120,15,664,293,797
121,15,10700,107,107
122,6,2482,420,420
123,20,14023,229,733
124,1,4700,47,47
125,12,15941,357,357
126,3,7723,166,670
127,17,19264,479,983
128,21,9941,297,297
129,9,1423,103,607
130,1,12964,416,920
131,3,3541,233,233
132,18,15182,43,547
133,6,6664,353,857
134,9,17000,170,170
135,1,8782,483,483
136,15,664,293,797
137,15,10700,107,107
138,6,2482,420,420
139,20,14023,229,733
140,1,4700,47,47
141,12,15941,357,357
142,3,7723,166,670
143,17,19264,479,983
144,21,9941,297,297
145,9,1423,103,607
146,1,12964,416,920
147,3,3541,233,233
148,18,15182,43,547
149,6,6664,353,857
150,9,17000,170,170
151,17,10482,500,500
152,5,1964,306,810
153,8,12300,123,123
154,1,4182,437,437
155,14,15723,246,750
156,14,6000,60,60
157,5,17541,373,373
158,20,14023,229,733
159,1,4700,47,47
160,12,15941,357,357
161,3,7723,166,670
162,14,18964,476,980
163,17,9541,293,293
164,9,1423,103,607
165,1,12964,416,920
166,1,3241,230,230
167,14,14782,39,543
168,6,6664,353,857
169,9,17000,170,170
170,20,8482,480,480
171,11,264,289,793
172,15,10700,107,107
173,6,2482,420,420
174,17,13723,226,730
175,20,4300,43,43
176,12,15941,357,357
177,20,9423,183,687
178,1,1,1,179
179,11,11241,310,310
180,2,3023,119,623
181,17,14664,433,937
182,20,5241,250,250
183,8,16482,56,560
184,22,8264,369,873
185,3,18700,187,187
186,17,10482,500,500
187,5,1964,306,810
188,8,12300,123,123
189,1,4182,437,437
190,14,15723,246,750
191,14,6000,60,60
192,5,17541,373,373
193,20,9423,183,687
194,1,1,1,195
195,11,11241,310,310
196,2,3023,119,623
197,17,14664,433,937
198,20,5241,250,250
199,8,16482,56,560
200,22,8264,369,873
201,3,18700,187,187
202,17,10482,500,500
203,22,3664,323,827
204,2,14000,140,140
205,13,5482,450,450
206,4,17023,259,763
207,8,7700,77,77
208,22,19241,390,390
209,10,10723,196,700
210,13,1300,13,13
211,18,14241,340,340
212,9,6023,149,653
213,1,17664,463,967
214,4,8241,280,280
215,15,19482,86,590
216,6,11264,399,903
217,10,1941,217,217
218,1,13482,26,530
219,12,4964,336,840
220,15,15300,153,153
221,7,7182,467,467
222,21,18723,276,780
223,21,9000,90,90
224,12,782,403,403
225,4,12423,213,717
226,7,3000,30,30
227,18,14241,340,340
228,9,6023,149,653
229,1,17664,463,967
230,4,8241,280,280
231,15,19482,86,590
232,6,11264,399,903
233,10,1941,217,217
234,1,13482,26,530
235,12,4964,336,840
236,15,15300,153,153
237,7,7182,467,467
238,21,18723,276,780
239,21,9000,90,90
240,12,782,403,403
241,4,12423,213,717
242,7,3000,30,30
243,18,14241,340,340
244,9,6023,149,653
245,1,17664,463,967
246,4,8241,280,280
247,15,19482,86,590
248,6,11264,399,903
249,10,1941,217,217
250,18,15182,43,547
251,6,6664,353,857
252,9,17000,170,170
253,1,8782,483,483
254,5,1964,306,810
255,8,12300,123,123
256,1,4182,437,437
257,14,15723,246,750
258,14,6000,60,60
259,22,19241,390,390
260,10,10723,196,700
261,13,1300,13,13
262,5,12941,327,327
263,19,4723,136,640
264,1,17664,463,967
265,4,8241,280,280
266,15,19482,86,590
267,6,11264,399,903
268,10,1941,217,217
269,1,13482,26,530
270,12,4964,336,840
271,15,15300,153,153
272,7,7182,467,467
273,11,264,289,793
274,15,10700,107,107
275,6,2482,420,420
276,17,13723,226,730
277,20,4300,43,43
278,12,15941,357,357
279,3,7723,166,670
280,14,18964,476,980
281,17,9541,293,293
282,9,1423,103,607
283,1,12964,416,920
284,1,3241,230,230
285,14,14782,39,543
286,6,6664,353,857
287,9,17000,170,170
288,20,8482,480,480
289,11,264,289,793
290,15,10700,107,107
291,6,2482,420,420
292,17,13723,226,730
293,20,4300,43,43
294,12,15941,357,357
295,3,7723,166,670
296,14,18964,476,980
297,17,9541,293,293
298,9,1423,103,607
299,1,12964,416,920
300,1,3241,230,230
301,14,14782,39,543
302,6,6664,353,857
303,9,17000,170,170
304,21,9941,297,297
305,9,1423,103,607
306,1,12964,416,920
307,3,3541,233,233
308,14,14782,39,543
309,13,9664,383,887
310,16,241,200,200
311,7,11782,9,513
312,22,3664,323,827
313,2,14000,140,140
314,13,5482,450,450
315,4,17023,259,763
316,8,7700,77,77
317,22,19241,390,390
318,10,10723,196,700
319,13,1300,13,13
320,5,12941,327,327
321,19,4723,136,640
322,7,15964,446,950
323,10,6541,263,263
324,2,18182,73,577
325,16,9964,386,890
326,16,241,200,200
327,7,11782,9,513
328,22,3664,323,827
329,2,14000,140,140
330,13,5482,450,450
331,4,17023,259,763
332,21,9000,90,90
333,12,782,403,403
334,4,12423,213,717
335,7,3000,30,30
336,18,14241,340,340
337,9,6023,149,653
338,1,17664,463,967
339,4,8241,280,280
340,15,19482,86,590
341,6,11264,399,903
342,10,1941,217,217
343,1,13482,26,530
344,12,4964,336,840
345,15,15300,153,153
346,7,7182,467,467
347,21,18723,276,780
348,21,9000,90,90
349,12,782,403,403
350,4,12423,213,717
351,7,3000,30,30
352,18,14241,340,340
353,9,6023,149,653
354,1,17664,463,967
355,4,8241,280,280
356,15,19482,86,590
357,6,11264,399,903
358,10,1941,217,217
359,1,13482,26,530
360,12,4964,336,840
361,15,15300,153,153
362,7,7182,467,467
363,21,18723,276,780
364,21,9000,90,90
365,12,782,403,403
366,4,12423,213,717
367,7,3000,30,30
368,18,14241,340,340
369,9,6023,149,653
370,1,17664,463,967
371,4,8241,280,280
372,15,19482,86,590
373,6,11264,399,903
374,10,1941,217,217
375,1,13482,26,530
376,12,4964,336,840
377,15,15300,153,153
378,7,7182,467,467
379,21,18723,276,780
380,21,9000,90,90
381,12,782,403,403
382,4,12423,213,717
383,7,3000,30,30
384,18,14241,340,340
385,9,6023,149,653
386,1,17664,463,967
387,4,8241,280,280
388,15,19482,86,590
389,6,11264,399,903
390,10,1941,217,217
391,1,13482,26,530
392,12,4964,336,840
393,15,15300,153,153
394,7,7182,467,467
395,21,18723,276,780
396,21,9000,90,90
397,12,782,403,403
398,4,12423,213,717
399,7,3000,30,30
400,18,14241,340,340
401,9,6023,149,653
402,1,17664,463,967
403,4,8241,280,280
404,15,19482,86,590
405,17,14664,433,937
406,20,5241,250,250
407,8,16482,56,560
408,22,8264,369,873
409,3,18700,187,187
410,17,10482,500,500
411,5,1964,306,810
412,8,12300,123,123
413,1,4182,437,437
414,14,15723,246,750
415,14,6000,60,60
416,5,17541,373,373
417,20,9423,183,687
418,1,1,1,11
419,11,11241,310,310
420,2,3023,119,623
421,1,17664,463,967
422,4,8241,280,280
423,9,1423,103,607
424,1,12964,416,920
425,1,3241,230,230
426,14,14782,39,543
427,6,6664,353,857
428,9,17000,170,170
429,20,8482,480,480
430,11,264,289,793
431,15,10700,107,107
432,6,2482,420,420
433,17,13723,226,730
434,20,4300,43,43
435,12,15941,357,357
436,20,9423,183,687
437,1,1,1,11
438,11,11241,310,310
439,2,3023,119,623
440,17,14664,433,937
441,20,5241,250,250
442,8,16482,56,560
443,16,9964,386,890
444,16,241,200,200
445,7,11782,9,513
446,22,3664,323,827
447,2,14000,140,140
448,13,5482,450,450
449,4,17023,259,763
450,8,7700,77,77
451,12,782,403,403
452,4,12423,213,717
453,7,3000,30,30
454,18,14241,340,340
455,9,6023,149,653
456,1,17664,463,967
457,4,8241,280,280
458,15,19482,86,590
459,6,11264,399,903
460,10,1941,217,217
461,1,13482,26,530
462,12,4964,336,840
463,15,15300,153,153
464,7,7182,467,467
465,21,18723,276,780
466,21,9000,90,90
467,12,782,403,403
468,4,12423,213,717
469,7,3000,30,30
470,18,14241,340,340
471,9,6023,149,653
472,1,17664,463,967
473,4,8241,280,280
474,15,19482,86,590
475,6,11264,399,903
476,10,1941,217,217
477,1,13482,26,530
478,12,4964,336,840
479,15,15300,153,153
480,7,7182,467,467
481,21,18723,276,780
482,21,9000,90,90
483,12,782,403,403
484,4,12423,213,717
485,7,3000,30,30
486,18,14241,340,340
487,9,6023,149,653
488,1,17664,463,967
489,4,8241,280,280
490,15,19482,86,590
491,6,11264,399,903
492,10,1941,217,217
493,1,13482,26,530
494,12,4964,336,840
495,15,15300,153,153
496,1,1,1,11
497,13,1300,13,13
498,7,3000,30,30
499,1,4700,47,47
500,14,6000,60,60
501,8,7700,77,77
502,21,9000,90,90
503,15,10700,107,107
504,8,12300,123,123
505,2,14000,140,140
506,15,15300,153,153
507,9,17000,170,170
508,3,18700,187,187
509,16,241,200,200
510,10,1941,217,217
511,10,6541,263,263
512,4,8241,280,280
513,21,9941,297,297
514,11,11241,310,310
515,5,12941,327,327
516,18,14241,340,340
517,12,15941,357,357
518,5,17541,373,373
519,22,19241,390,390
520,12,782,403,403
521,6,2482,420,420
522,1,4182,437,437
523,13,5482,450,450
524,7,7182,467,467
525,1,8782,483,483
526,17,10482,500,500
527,7,11782,9,513
528,1,13482,26,530
529,18,15182,43,547
530,8,16482,56,560
531,2,18182,73,577
532,15,19482,86,590
533,9,1423,103,607
534,2,3023,119,623
535,19,4723,136,640
536,9,6023,149,653
537,3,7723,166,670
538,20,9423,183,687
539,10,10723,196,700
540,4,12423,213,717
541,20,14023,229,733
542,14,15723,246,750
543,4,17023,259,763
544,21,18723,276,780
545,15,664,293,797
546,5,1964,306,810
547,22,3664,323,827
548,12,4964,336,840
549,6,6664,353,857
550,22,8264,369,873
551,16,9964,386,890
552,6,11264,399,903
553,1,12964,416,920
554,17,14664,433,937
555,7,15964,446,950
556,1,17664,463,967
557,17,19264,479,983
558,1,1,1,11
559,13,1300,13,13
560,7,3000,30,30
561,1,4700,47,47
562,14,6000,60,60
563,8,7700,77,77
564,21,9000,90,90
565,15,10700,107,107
566,8,12300,123,123
567,2,14000,140,140
568,15,15300,153,153
569,9,17000,170,170
570,3,18700,187,187
571,16,241,200,200
572,10,1941,217,217
573,3,3541,233,233
574,20,5241,250,250
575,10,6541,263,263
576,4,8241,280,280
577,21,9941,297,297
578,11,11241,310,310
579,5,12941,327,327
580,18,14241,340,340
581,12,15941,357,357
582,5,17541,373,373
583,22,19241,390,390
584,12,782,403,403
585,6,2482,420,420
586,1,4182,437,437
587,13,5482,450,450
588,7,7182,467,467
589,1,8782,483,483
590,17,10482,500,500
591,7,11782,9,513
592,1,13482,26,530
593,18,15182,43,547
594,8,16482,56,560
595,2,18182,73,577
596,15,19482,86,590
597,9,1423,103,607
598,2,3023,119,623
599,19,4723,136,640
600,9,6023,149,653
601,3,7723,166,670
602,20,9423,183,687
603,10,10723,196,700
604,4,12423,213,717
605,20,14023,229,733
606,14,15723,246,750
607,4,17023,259,763
608,21,18723,276,780
609,15,664,293,797
610,5,1964,306,810
611,22,3664,323,827
612,12,4964,336,840
613,6,6664,353,857
614,22,8264,369,873
615,16,9964,386,890
616,6,11264,399,903
617,1,12964,416,920
618,17,14664,433,937
619,7,15964,446,950
620,1,17664,463,967
621,17,19264,479,983
622,1,1,1,11
623,13,1300,13,13
624,7,3000,30,30
625,1,4700,47,47
626,14,6000,60,60
627,8,7700,77,77
628,21,9000,90,90
629,15,10700,107,107
630,8,12300,123,123
631,2,14000,140,140
632,15,15300,153,153
633,9,17000,170,170
634,3,18700,187,187
635,16,241,200,200
636,10,1941,217,217
637,3,3541,233,233
638,20,5241,250,250
639,10,6541,263,263
640,4,8241,280,280
641,21,9941,297,297
642,11,11241,310,310
643,5,12941,327,327
644,18,14241,340,340
645,12,15941,357,357
646,5,17541,373,373
647,22,19241,390,390
648,12,782,403,403
649,6,2482,420,420
650,1,4182,437,437
651,13,5482,450,450
652,7,7182,467,467
653,1,8782,483,483
654,17,10482,500,500
655,7,11782,9,513
656,1,13482,26,530
657,18,15182,43,547
658,8,16482,56,560
659,2,18182,73,577
660,15,19482,86,590
661,9,1423,103,607
662,2,3023,119,623
663,19,4723,136,640
664,9,6023,149,653
665,3,7723,166,670
666,20,9423,183,687
667,10,10723,196,700
668,4,12423,213,717
669,20,14023,229,733
670,14,15723,246,750
671,4,17023,259,763
672,21,18723,276,780
673,15,664,293,797
674,5,1964,306,810
675,22,3664,323,827
676,12,4964,336,840
677,6,6664,353,857
678,22,8264,369,873
679,16,9964,386,890
680,6,11264,399,903
681,1,12964,416,920
682,17,14664,433,937
683,7,15964,446,950
684,1,17664,463,967
685,17,19264,479,983
686,1,1,1,11
687,13,1300,13,13
688,7,3000,30,30
689,1,4700,47,47
690,14,6000,60,60
691,8,7700,77,77
692,21,9000,90,90
693,15,10700,107,107
694,8,12300,123,123
695,2,14000,140,140
696,15,15300,153,153
697,9,17000,170,170
698,3,18700,187,187
699,16,241,200,200
700,10,1941,217,217
701,3,3541,233,233
702,20,5241,250,250
703,10,6541,263,263
704,4,8241,280,280
705,21,9941,297,297
706,11,11241,310,310
707,5,12941,327,327
708,18,14241,340,340
709,12,15941,357,357
710,5,17541,373,373
711,22,19241,390,390
712,12,782,403,403
713,6,2482,420,420
714,1,4182,437,437
715,13,5482,450,450
716,7,7182,467,467
717,1,8782,483,483
718,17,10482,500,500
719,7,11782,9,513
720,1,13482,26,530
721,18,15182,43,547
722,8,16482,56,560
723,2,18182,73,577
724,15,19482,86,590
725,9,1423,103,607
726,2,3023,119,623
727,19,4723,136,640
728,9,6023,149,653
729,3,7723,166,670
730,20,9423,183,687
731,10,10723,196,700
732,4,12423,213,717
733,20,14023,229,733
734,14,15723,246,750
735,4,17023,259,763
736,21,18723,276,780
737,15,664,293,797
738,5,1964,306,810
739,22,3664,323,827
740,12,4964,336,840
741,6,6664,353,857
742,22,8264,369,873
743,16,9964,386,890
744,6,11264,399,903
745,1,12964,416,920
746,17,14664,433,937
747,7,15964,446,950
748,1,17664,463,967
749,17,19264,479,983
750,1,1,1,11
751,13,1300,13,13
752,7,3000,30,30
753,1,4700,47,47
754,14,6000,60,60
755,8,7700,77,77
756,21,9000,90,90
757,15,10700,107,107
758,8,12300,123,123
759,2,14000,140,140
760,15,15300,153,153
761,9,17000,170,170
762,3,18700,187,187
763,16,241,200,200
764,10,1941,217,217
765,3,3541,233,233
766,20,5241,250,250
767,10,6541,263,263
768,4,8241,280,280
769,21,9941,297,297
770,11,11241,310,310
771,5,12941,327,327
772,18,14241,340,340
773,12,15941,357,357
774,5,17541,373,373
775,22,19241,390,390
776,12,782,403,403
777,6,2482,420,420
778,1,4182,437,437
779,13,5482,450,450
780,7,7182,467,467
781,1,8782,483,483
782,17,10482,500,500
783,7,11782,9,513
784,1,13482,26,530
785,18,15182,43,547
786,8,16482,56,560
787,2,18182,73,577
788,15,19482,86,590
789,9,1423,103,607
790,2,3023,119,623
791,19,4723,136,640
792,9,6023,149,653
793,3,7723,166,670
794,20,9423,183,687
795,10,10723,196,700
796,4,12423,213,717
797,20,14023,229,733
798,14,15723,246,750
799,4,17023,259,763
800,21,18723,276,780
801,15,664,293,797
802,5,1964,306,810
803,22,3664,323,827
804,12,4964,336,840
805,6,6664,353,857
806,22,8264,369,873
807,16,9964,386,890
808,6,11264,399,903
809,1,12964,416,920
810,17,14664,433,937
811,7,15964,446,950
812,1,17664,463,967
813,17,19264,479,983
814,1,1,1,11
815,13,1300,13,13
816,7,3000,30,30
817,1,4700,47,47
818,14,6000,60,60
819,8,7700,77,77
820,21,9000,90,90
821,15,10700,107,107
822,8,12300,123,123
823,2,14000,140,140
824,15,15300,153,153
825,9,17000,170,170
826,3,18700,187,187
827,16,241,200,200
828,10,1941,217,217
829,3,3541,233,233
830,20,5241,250,250
831,10,6541,263,263
832,4,8241,280,280
833,21,9941,297,297
834,11,11241,310,310
835,5,12941,327,327
836,18,14241,340,340
837,12,15941,357,357
838,5,17541,373,373
839,22,19241,390,390
840,12,782,403,403
841,6,2482,420,420
842,1,4182,437,437
843,13,5482,450,450
844,7,7182,467,467
845,1,8782,483,483
846,17,10482,500,500
847,7,11782,9,513
848,1,13482,26,530
849,18,15182,43,547
850,8,16482,56,560
851,2,18182,73,577
852,15,19482,86,590
853,9,1423,103,607
854,2,3023,119,623
855,19,4723,136,640
856,9,6023,149,653
857,20,9423,183,687
858,4,12423,213,717
859,14,15723,246,750
860,21,18723,276,780
861,5,1964,306,810
862,12,4964,336,840
863,22,8264,369,873
864,1,12964,416,920
865,7,15964,446,950
866,1,17664,463,967
867,17,19264,479,983
868,1,1,1,11
869,13,1300,13,13
870,7,3000,30,30
871,1,4700,47,47
872,14,6000,60,60
873,8,7700,77,77
874,21,9000,90,90
875,15,10700,107,107
876,8,12300,123,123
877,2,14000,140,140
878,15,15300,153,153
879,9,17000,170,170
880,3,18700,187,187
881,16,241,200,200
882,10,1941,217,217
883,3,3541,233,233
884,20,5241,250,250
885,10,6541,263,263
886,4,8241,280,280
887,21,9941,297,297
888,11,11241,310,310
889,5,12941,327,327
890,18,14241,340,340
891,12,15941,357,357
892,5,17541,373,373
893,22,19241,390,390
894,12,782,403,403
895,6,2482,420,420
896,1,4182,437,437
897,13,5482,450,450
898,7,7182,467,467
899,1,8782,483,483
900,17,10482,500,500
901,7,11782,9,513
902,1,13482,26,530
903,18,15182,43,547
904,8,16482,56,560
905,2,18182,73,577
906,15,19482,86,590
907,9,1423,103,607
908,2,3023,119,623
909,19,4723,136,640
910,9,6023,149,653
911,3,7723,166,670
912,20,9423,183,687
913,10,10723,196,700
914,4,12423,213,717
915,20,14023,229,733
916,14,15723,246,750
917,4,17023,259,763
918,21,18723,276,780
919,15,664,293,797
920,5,1964,306,810
921,22,3664,323,827
922,12,4964,336,840
923,6,6664,353,857
924,22,8264,369,873
925,16,9964,386,890
926,6,11264,399,903
927,1,12964,416,920
928,17,14664,433,937
929,7,15964,446,950
930,1,17664,463,967
931,17,19264,479,983
932,1,1,1,11
933,13,1300,13,13
934,7,3000,30,30
935,1,4700,47,47
936,14,6000,60,60
937,8,7700,77,77
938,21,9000,90,90
939,15,10700,107,107
940,8,12300,123,123
941,2,14000,140,140
942,15,15300,153,153
943,9,17000,170,170
944,3,18700,187,187
945,16,241,200,200
946,10,1941,217,217
947,3,3541,233,233
948,20,5241,250,250
949,10,6541,263,263
950,4,8241,280,280
951,21,9941,297,297
952,11,11241,310,310
953,5,12941,327,327
954,18,14241,340,340
955,12,15941,357,357
956,5,17541,373,373
957,22,19241,390,390
958,12,782,403,403
959,6,2482,420,420
960,1,4182,437,437
961,13,5482,450,450
962,7,7182,467,467
963,1,8782,483,483
964,17,10482,500,500
965,7,11782,9,513
966,1,13482,26,530
967,18,15182,43,547
968,8,16482,56,560
969,2,18182,73,577
970,15,19482,86,590
971,9,1423,103,607
972,2,3023,119,623
973,19,4723,136,640
974,9,6023,149,653
975,3,7723,166,670
976,20,9423,183,687
977,10,10723,196,700
978,4,12423,213,717
979,20,14023,229,733
980,14,15723,246,750
981,4,17023,259,763
982,21,18723,276,780
983,15,664,293,797
984,5,1964,306,810
985,22,3664,323,827
986,12,4964,336,840
987,6,6664,353,857
988,22,8264,369,873
989,16,9964,386,890
990,6,11264,399,903
991,1,12964,416,920
992,17,14664,433,937
993,7,15964,446,950
994,1,17664,463,967
995,17,19264,479,983
996,1,1,1,11
997,13,1300,13,13
998,7,3000,30,30
999,1,4700,47,47
1000,14,6000,60,60
1001,8,7700,77,77
1002,21,9000,90,90
1003,15,10700,107,107
1004,8,12300,123,123
1005,2,14000,140,140
1006,15,15300,153,153
1007,9,17000,170,170
1008,3,18700,187,187
1009,16,241,200,200
1010,10,1941,217,217
1011,3,3541,233,233
1012,20,5241,250,250
1013,10,6541,263,263
1014,4,8241,280,280
1015,21,9941,297,297
1016,11,11241,310,310
1017,5,12941,327,327
1018,18,14241,340,340
1019,12,15941,357,357
1020,5,17541,373,373
1021,22,19241,390,390
1022,12,782,403,403
1023,6,2482,420,420
1024,1,4182,437,437
1025,13,5482,450,450
1026,7,7182,467,467
1027,1,8782,483,483
1028,17,10482,500,500
1029,7,11782,9,513
1030,1,13482,26,530
1031,18,15182,43,547
1032,8,16482,56,560
1033,2,18182,73,577
1034,15,19482,86,590
1035,9,1423,103,607
1036,2,3023,119,623
1037,19,4723,136,640
1038,9,6023,149,653
1039,3,7723,166,670
1040,20,9423,183,687
1041,10,10723,196,700
1042,4,12423,213,717
1043,20,14023,229,733
1044,14,15723,246,750
1045,4,17023,259,763
1046,21,18723,276,780
1047,15,664,293,797
1048,5,1964,306,810
1049,22,3664,323,827
1050,12,4964,336,840
1051,6,6664,353,857
1052,22,8264,369,873
1053,16,9964,386,890
1054,6,11264,399,903
1055,1,12964,416,920
1056,17,14664,433,937
1057,7,15964,446,950
1058,1,17664,463,967
1059,17,19264,479,983
1060,1,1,1,11
1061,13,1300,13,13
1062,7,3000,30,30
1063,1,4700,47,47
1064,14,6000,60,60
1065,8,7700,77,77
1066,21,9000,90,90
1067,15,10700,107,107
1068,8,12300,123,123
1069,2,14000,140,140
1070,15,15300,153,153
1071,9,17000,170,170
1072,3,18700,187,187
1073,16,241,200,200
1074,10,1941,217,217
1075,3,3541,233,233
1076,20,5241,250,250
1077,10,6541,263,263
1078,4,8241,280,280
1079,11,11241,310,310
1080,5,12941,327,327
1081,18,14241,340,340
1082,12,15941,357,357
1083,5,17541,373,373
1084,22,19241,390,390
1085,12,782,403,403
1086,6,2482,420,420
1087,1,4182,437,437
1088,13,5482,450,450
1089,7,7182,467,467
1090,1,8782,483,483
1091,17,10482,500,500
1092,7,11782,9,513
1093,1,13482,26,530
1094,18,15182,43,547
1095,8,16482,56,560
1096,2,18182,73,577
1097,15,19482,86,590
1098,9,1423,103,607
1099,2,3023,119,623
1100,19,4723,136,640
1101,9,6023,149,653
1102,3,7723,166,670
1103,20,9423,183,687
1104,10,10723,196,700
1105,4,12423,213,717
1106,20,14023,229,733
1107,14,15723,246,750
1108,4,17023,259,763
1109,21,18723,276,780
1110,15,664,293,797
1111,5,1964,306,810
1112,22,3664,323,827
1113,12,4964,336,840
1114,6,6664,353,857
1115,22,8264,369,873
1116,16,9964,386,890
1117,6,11264,399,903
1118,1,12964,416,920
1119,17,14664,433,937
1120,7,15964,446,950
1121,1,17664,463,967
1122,17,19264,479,983
1123,1,1,1,11
1124,13,1300,13,13
1125,7,3000,30,30
1126,1,4700,47,47
1127,14,6000,60,60
1128,8,7700,77,77
1129,21,9000,90,90
1130,15,10700,107,107
1131,8,12300,123,123
1132,2,14000,140,140
1133,9,17000,170,170
1134,3,18700,187,187
1135,16,241,200,200
1136,10,1941,217,217
1137,10,6541,263,263
1138,4,8241,280,280
1139,21,9941,297,297
1140,11,11241,310,310
1141,18,14241,340,340
1142,12,15941,357,357
1143,5,17541,373,373
1144,22,19241,390,390
1145,12,782,403,403
1146,6,2482,420,420
1147,1,4182,437,437
1148,13,5482,450,450
1149,7,7182,467,467
1150,1,8782,483,483
1151,17,10482,500,500
1152,7,11782,9,513
1153,1,13482,26,530
1154,18,15182,43,547
1155,8,16482,56,560
1156,2,18182,73,577
1157,15,19482,86,590
1158,9,1423,103,607
1159,2,3023,119,623
1160,19,4723,136,640
1161,9,6023,149,653
1162,3,7723,166,670
1163,20,9423,183,687
1164,10,10723,196,700
1165,4,12423,213,717
1166,20,14023,229,733
1167,14,15723,246,750
1168,4,17023,259,763
1169,21,18723,276,780
1170,15,664,293,797
1171,5,1964,306,810
1172,22,3664,323,827
1173,12,4964,336,840
1174,6,6664,353,857
1175,22,8264,369,873
1176,16,9964,386,890
1177,6,11264,399,903
1178,1,12964,416,920
1179,17,14664,433,937
1180,7,15964,446,950
1181,1,17664,463,967
1182,17,19264,479,983
1183,1,1,1,11
1184,13,1300,13,13
1185,7,3000,30,30
1186,1,4700,47,47
1187,14,6000,60,60
1188,8,7700,77,77
1189,21,9000,90,90
1190,15,10700,107,107
1191,8,12300,123,123
1192,2,14000,140,140
1193,15,15300,153,153
1194,9,17000,170,170
1195,3,18700,187,187
1196,16,241,200,200
1197,10,1941,217,217
1198,3,3541,233,233
1199,20,5241,250,250
1200,10,6541,263,263
1201,21,9941,297,297
1202,11,11241,310,310
1203,5,12941,327,327
1204,18,14241,340,340
1205,12,15941,357,357
1206,5,17541,373,373
1207,22,19241,390,390
1208,12,782,403,403
1209,6,2482,420,420
1210,1,4182,437,437
1211,13,5482,450,450
1212,7,7182,467,467
1213,1,8782,483,483
1214,17,10482,500,500
1215,7,11782,9,513
1216,1,13482,26,530
1217,18,15182,43,547
1218,8,16482,56,560
1219,2,18182,73,577
1220,15,19482,86,590
1221,9,1423,103,607
1222,2,3023,119,623
1223,19,4723,136,640
1224,9,6023,149,653
1225,3,7723,166,670
1226,20,9423,183,687
1227,10,10723,196,700
1228,4,12423,213,717
1229,20,14023,229,733
1230,14,15723,246,750
1231,4,17023,259,763
1232,21,18723,276,780
1233,15,664,293,797
1234,5,1964,306,810
1235,22,3664,323,827
1236,12,4964,336,840
1237,6,6664,353,857
1238,22,8264,369,873
1239,16,9964,386,890
1240,6,11264,399,903
1241,1,12964,416,920
1242,17,14664,433,937
1243,7,15964,446,950
1244,1,17664,463,967
1245,17,19264,479,983
1246,1,1,1,11
1247,13,1300,13,13
1248,7,3000,30,30
1249,1,4700,47,47
1250,14,6000,60,60
1251,8,7700,77,77
1252,21,9000,90,90
1253,15,10700,107,107
1254,8,12300,123,123
1255,2,14000,140,140
1256,15,15300,153,153
1257,9,17000,170,170
1258,3,18700,187,187
1259,16,241,200,200
1260,10,1941,217,217
1261,3,3541,233,233
1262,20,5241,250,250
1263,10,6541,263,263
1264,4,8241,280,280
1265,21,9941,297,297
1266,11,11241,310,310
1267,5,12941,327,327
1268,18,14241,340,340
1269,12,15941,357,357
1270,5,17541,373,373
1271,22,19241,390,390
1272,12,782,403,403
1273,6,2482,420,420
1274,1,4182,437,437
1275,13,5482,450,450
1276,7,7182,467,467
1277,1,8782,483,483
1278,17,10482,500,500
1279,7,11782,9,513
1280,1,13482,26,530
1281,18,15182,43,547
1282,8,16482,56,560
1283,2,18182,73,577
1284,15,19482,86,590
1285,9,1423,103,607
1286,2,3023,119,623
1287,19,4723,136,640
1288,9,6023,149,653
1289,3,7723,166,670
1290,20,9423,183,687
1291,10,10723,196,700
1292,4,12423,213,717
1293,20,14023,229,733
1294,14,15723,246,750
1295,4,17023,259,763
1296,21,18723,276,780
1297,15,664,293,797
1298,5,1964,306,810
1299,22,3664,323,827
1300,12,4964,336,840
1301,6,6664,353,857
1302,22,8264,369,873
1303,16,9964,386,890
1304,6,11264,399,903
1305,1,12964,416,920
1306,17,14664,433,937
1307,7,15964,446,950
1308,1,17664,463,967
1309,17,19264,479,983
1310,1,1,1,11
1311,13,1300,13,13
1312,7,3000,30,30
1313,1,4700,47,47
1314,14,6000,60,60
1315,8,7700,77,77
1316,21,9000,90,90
1317,15,10700,107,107
1318,8,12300,123,123
1319,2,14000,140,140
1320,15,15300,153,153
1321,9,17000,170,170
1322,3,18700,187,187
1323,16,241,200,200
1324,10,1941,217,217
1325,3,3541,233,233
1326,20,5241,250,250
1327,10,6541,263,263
1328,4,8241,280,280
1329,21,9941,297,297
1330,11,11241,310,310
1331,5,12941,327,327
1332,18,14241,340,340
1333,12,15941,357,357
1334,5,17541,373,373
1335,22,19241,390,390
1336,12,782,403,403
1337,6,2482,420,420
1338,1,4182,437,437
1339,13,5482,450,450
1340,7,7182,467,467
1341,1,8782,483,483
1342,17,10482,500,500
1343,7,11782,9,513
1344,1,13482,26,530
1345,18,15182,43,547
1346,8,16482,56,560
1347,2,18182,73,577
1348,15,19482,86,590
1349,9,1423,103,607
1350,2,3023,119,623
1351,19,4723,136,640
1352,9,6023,149,653
1353,3,7723,166,670
1354,20,9423,183,687
1355,10,10723,196,700
1356,4,12423,213,717
1357,20,14023,229,733
1358,14,15723,246,750
1359,4,17023,259,763
1360,21,18723,276,780
1361,15,664,293,797
1362,5,1964,306,810
1363,22,3664,323,827
1364,12,4964,336,840
1365,6,6664,353,857
1366,22,8264,369,873
1367,16,9964,386,890
1368,6,11264,399,903
1369,1,12964,416,920
1370,17,14664,433,937
1371,7,15964,446,950
1372,1,17664,463,967
1373,17,19264,479,983
1374,1,1,1,11
1375,13,1300,13,13
1376,7,3000,30,30
1377,1,4700,47,47
1378,14,6000,60,60
1379,8,7700,77,77
1380,21,9000,90,90
1381,15,10700,107,107
1382,8,12300,123,123
1383,2,14000,140,140
1384,15,15300,153,153
1385,9,17000,170,170
1386,3,18700,187,187
1387,16,241,200,200
1388,10,1941,217,217
1389,3,3541,233,233
1390,10,6541,263,263
1391,21,9941,297,297
1392,11,11241,310,310
1393,5,12941,327,327
1394,18,14241,340,340
1395,12,15941,357,357
1396,5,17541,373,373
1397,22,19241,390,390
1398,12,782,403,403
1399,6,2482,420,420
1400,1,4182,437,437
1401,13,5482,450,450
1402,7,7182,467,467
1403,1,8782,483,483
1404,17,10482,500,500
1405,7,11782,9,513
1406,1,13482,26,530
1407,18,15182,43,547
1408,8,16482,56,560
1409,2,18182,73,577
1410,15,19482,86,590
1411,9,1423,103,607
1412,2,3023,119,623
1413,19,4723,136,640
1414,9,6023,149,653
1415,3,7723,166,670
1416,20,9423,183,687
1417,10,10723,196,700
1418,4,12423,213,717
1419,20,14023,229,733
1420,14,15723,246,750
1421,4,17023,259,763
1422,21,18723,276,780
1423,15,664,293,797
1424,5,1964,306,810
1425,22,3664,323,827
1426,12,4964,336,840
1427,6,6664,353,857
1428,22,8264,369,873
1429,16,9964,386,890
1430,6,11264,399,903
1431,1,12964,416,920
1432,17,14664,433,937
1433,7,15964,446,950
1434,1,17664,463,967
1435,17,19264,479,983
1436,1,1,1,11
1437,13,1300,13,13
1438,7,3000,30,30
1439,1,4700,47,47
1440,14,6000,60,60
1441,8,7700,77,77
1442,21,9000,90,90
1443,15,10700,107,107
1444,8,12300,123,123
1445,2,14000,140,140
1446,15,15300,153,153
1447,9,17000,170,170
1448,3,18700,187,187
1449,16,241,200,200
1450,10,1941,217,217
1451,3,3541,233,233
1452,20,5241,250,250
1453,10,6541,263,263
1454,4,8241,280,280
1455,21,9941,297,297
1456,11,11241,310,310
1457,5,12941,327,327
1458,18,14241,340,340
1459,12,15941,357,357
1460,5,17541,373,373
1461,22,19241,390,390
1462,12,782,403,403
1463,6,2482,420,420
1464,1,4182,437,437
1465,13,5482,450,450
1466,7,7182,467,467
1467,1,8782,483,483
1468,17,10482,500,500
1469,7,11782,9,513
1470,1,13482,26,530
1471,18,15182,43,547
1472,8,16482,56,560
1473,2,18182,73,577
1474,15,19482,86,590
1475,9,1423,103,607
1476,2,3023,119,623
1477,19,4723,136,640
1478,9,6023,149,653
1479,3,7723,166,670
1480,20,9423,183,687
1481,10,10723,196,700
1482,4,12423,213,717
1483,20,14023,229,733
1484,14,15723,246,750
1485,4,17023,259,763
1486,21,18723,276,780
1487,15,664,293,797
1488,5,1964,306,810
1489,22,3664,323,827
1490,12,4964,336,840
1491,6,6664,353,857
1492,22,8264,369,873
1493,16,9964,386,890
1494,6,11264,399,903
1495,1,12964,416,920
1496,17,14664,433,937
1497,7,15964,446,950
1498,1,17664,463,967
1499,17,19264,479,983
1500,1,1,1,11
1501,13,1300,13,13
1502,7,3000,30,30
1503,1,4700,47,47
1504,14,6000,60,60
1505,8,7700,77,77
1506,21,9000,90,90
1507,15,10700,107,107
1508,8,12300,123,123
1509,2,14000,140,140
1510,15,15300,153,153
1511,9,17000,170,170
1512,3,18700,187,187
1513,16,241,200,200
1514,10,1941,217,217
1515,3,3541,233,233
1516,20,5241,250,250
1517,10,6541,263,263
1518,4,8241,280,280
1519,21,9941,297,297
1520,11,11241,310,310
1521,5,12941,327,327
1522,18,14241,340,340
1523,12,15941,357,357
1524,5,17541,373,373
1525,22,19241,390,390
1526,12,782,403,403
1527,6,2482,420,420
1528,1,4182,437,437
1529,13,5482,450,450
1530,7,7182,467,467
1531,1,8782,483,483
1532,17,10482,500,500
1533,7,11782,9,513
1534,1,13482,26,530
1535,18,15182,43,547
1536,8,16482,56,560
1537,2,18182,73,577
1538,15,19482,86,590
1539,9,1423,103,607
1540,2,3023,119,623
1541,19,4723,136,640
1542,9,6023,149,653
1543,3,7723,166,670
1544,20,9423,183,687
1545,10,10723,196,700
1546,4,12423,213,717
1547,20,14023,229,733
1548,14,15723,246,750
1549,4,17023,259,763
1550,21,18723,276,780
1551,15,664,293,797
1552,5,1964,306,810
1553,22,3664,323,827
1554,12,4964,336,840
1555,6,6664,353,857
1556,22,8264,369,873
1557,16,9964,386,890
1558,6,11264,399,903
1559,1,12964,416,920
1560,17,14664,433,937
1561,7,15964,446,950
1562,1,17664,463,967
1563,17,19264,479,983
1564,1,1,1,11
1565,13,1300,13,13
1566,7,3000,30,30
1567,1,4700,47,47
1568,14,6000,60,60
1569,8,7700,77,77
1570,21,9000,90,90
1571,15,10700,107,107
1572,8,12300,123,123
1573,2,14000,140,140
1574,15,15300,153,153
1575,9,17000,170,170
1576,3,18700,187,187
1577,16,241,200,200
1578,10,1941,217,217
1579,3,3541,233,233
1580,20,5241,250,250
1581,10,6541,263,263
1582,4,8241,280,280
1583,21,9941,297,297
1584,11,11241,310,310
1585,5,12941,327,327
1586,18,14241,340,340
1587,12,15941,357,357
1588,5,17541,373,373
1589,22,19241,390,390
1590,12,782,403,403
1591,6,2482,420,420
1592,1,4182,437,437
1593,13,5482,450,450
1594,7,7182,467,467
1595,1,8782,483,483
1596,17,10482,500,500
1597,7,11782,9,513
1598,1,13482,26,530
1599,18,15182,43,547
1600,8,16482,56,560
1601,2,18182,73,577
1602,15,19482,86,590
1603,9,1423,103,607
1604,2,3023,119,623
1605,19,4723,136,640
1606,9,6023,149,653
1607,3,7723,166,670
1608,20,9423,183,687
1609,10,10723,196,700
1610,4,12423,213,717
1611,20,14023,229,733
1612,14,15723,246,750
1613,4,17023,259,763
1614,21,18723,276,780
1615,15,664,293,797
1616,5,1964,306,810
1617,22,3664,323,827
1618,12,4964,336,840
1619,6,6664,353,857
1620,22,8264,369,873
1621,16,9964,386,890
1622,6,11264,399,903
1623,1,12964,416,920
1624,17,14664,433,937
1625,7,15964,446,950
1626,1,17664,463,967
1627,17,19264,479,983
1628,1,1,1,11
1629,13,1300,13,13
1630,7,3000,30,30
1631,1,4700,47,47
1632,14,6000,60,60
1633,8,7700,77,77
1634,21,9000,90,90
1635,15,10700,107,107
1636,8,12300,123,123
1637,2,14000,140,140
1638,15,15300,153,153
1639,9,17000,170,170
1640,3,18700,187,187
1641,16,241,200,200
1642,10,1941,217,217
1643,3,3541,233,233
1644,20,5241,250,250
1645,10,6541,263,263
1646,4,8241,280,280
1647,21,9941,297,297
1648,11,11241,310,310
1649,5,12941,327,327
1650,18,14241,340,340
1651,12,15941,357,357
1652,5,17541,373,373
1653,22,19241,390,390
1654,12,782,403,403
1655,6,2482,420,420
1656,1,4182,437,437
1657,13,5482,450,450
1658,7,7182,467,467
1659,1,8782,483,483
1660,17,10482,500,500
1661,7,11782,9,513
1662,1,13482,26,530
1663,18,15182,43,547
1664,8,16482,56,560
1665,2,18182,73,577
1666,15,19482,86,590
1667,9,1423,103,607
1668,2,3023,119,623
1669,19,4723,136,640
1670,9,6023,149,653
1671,3,7723,166,670
1672,20,9423,183,687
1673,10,10723,196,700
1674,4,12423,213,717
1675,20,14023,229,733
1676,14,15723,246,750
1677,4,17023,259,763
1678,21,18723,276,780
1679,15,664,293,797
1680,5,1964,306,810
1681,22,3664,323,827
1682,12,4964,336,840
1683,6,6664,353,857
1684,22,8264,369,873
1685,16,9964,386,890
1686,6,11264,399,903
1687,1,12964,416,920
1688,17,14664,433,937
1689,7,15964,446,950
1690,1,17664,463,967
1691,17,19264,479,983
1692,1,1,1,11
1693,13,1300,13,13
1694,7,3000,30,30
1695,1,4700,47,47
1696,14,6000,60,60
1697,8,7700,77,77
1698,21,9000,90,90
1699,15,10700,107,107
1700,8,12300,123,123
1701,2,14000,140,140
1702,15,15300,153,153
1703,9,17000,170,170
1704,3,18700,187,187
1705,16,241,200,200
1706,10,1941,217,217
1707,3,3541,233,233
1708,20,5241,250,250
1709,10,6541,263,263
1710,4,8241,280,280
1711,21,9941,297,297
1712,11,11241,310,310
1713,5,12941,327,327
1714,18,14241,340,340
1715,12,15941,357,357
1716,5,17541,373,373
1717,22,19241,390,390
1718,12,782,403,403
1719,6,2482,420,420
1720,1,4182,437,437
1721,13,5482,450,450
1722,7,7182,467,467
1723,1,8782,483,483
1724,17,10482,500,500
1725,7,11782,9,513
1726,1,13482,26,530
1727,18,15182,43,547
1728,8,16482,56,560
1729,2,18182,73,577
1730,15,19482,86,590
1731,9,1423,103,607
1732,2,3023,119,623
1733,19,4723,136,640
1734,9,6023,149,653
1735,3,7723,166,670
1736,20,9423,183,687
1737,10,10723,196,700
1738,4,12423,213,717
1739,20,14023,229,733
1740,14,15723,246,750
1741,4,17023,259,763
1742,21,18723,276,780
1743,15,664,293,797
1744,5,1964,306,810
1745,22,3664,323,827
1746,12,4964,336,840
1747,6,6664,353,857
1748,22,8264,369,873
1749,16,9964,386,890
1750,6,11264,399,903
1751,1,12964,416,920
1752,17,14664,433,937
1753,7,15964,446,950
1754,1,17664,463,967
1755,17,19264,479,983
1756,1,1,1,11
1757,13,1300,13,13
1758,7,3000,30,30
1759,1,4700,47,47
1760,14,6000,60,60
1761,8,7700,77,77
1762,21,9000,90,90
1763,15,10700,107,107
1764,8,12300,123,123
1765,2,14000,140,140
1766,15,15300,153,153
1767,9,17000,170,170
1768,3,18700,187,187
1769,16,241,200,200
1770,10,1941,217,217
1771,3,3541,233,233
1772,20,5241,250,250
1773,10,6541,263,263
1774,4,8241,280,280
1775,21,9941,297,297
1776,11,11241,310,310
1777,5,12941,327,327
1778,18,14241,340,340
1779,12,15941,357,357
1780,5,17541,373,373
1781,22,19241,390,390
1782,12,782,403,403
1783,6,2482,420,420
1784,1,4182,437,437
1785,13,5482,450,450
1786,7,7182,467,467
1787,1,8782,483,483
1788,17,10482,500,500
1789,7,11782,9,513
1790,1,13482,26,530
1791,18,15182,43,547
1792,8,16482,56,560
1793,2,18182,73,577
1794,15,19482,86,590
1795,9,1423,103,607
1796,2,3023,119,623
1797,19,4723,136,640
1798,9,6023,149,653
1799,3,7723,166,670
1800,20,9423,183,687
1801,10,10723,196,700
1802,4,12423,213,717
1803,20,14023,229,733
1804,14,15723,246,750
1805,4,17023,259,763
1806,21,18723,276,780
1807,15,664,293,797
1808,5,1964,306,810
1809,22,3664,323,827
1810,12,4964,336,840
1811,6,6664,353,857
1812,22,8264,369,873
1813,16,9964,386,890
1814,6,11264,399,903
1815,1,12964,416,920
1816,17,14664,433,937
1817,7,15964,446,950
1818,1,17664,463,967
1819,17,19264,479,983
1820,1,1,1,11
1821,13,1300,13,13
1822,7,3000,30,30
1823,1,4700,47,47
1824,14,6000,60,60
1825,8,7700,77,77
1826,21,9000,90,90
1827,15,10700,107,107
1828,8,12300,123,123
1829,2,14000,140,140
1830,15,15300,153,153
1831,9,17000,170,170
1832,3,18700,187,187
1833,16,241,200,200
1834,10,1941,217,217
1835,3,3541,233,233
1836,20,5241,250,250
1837,10,6541,263,263
1838,4,8241,280,280
1839,21,9941,297,297
1840,11,11241,310,310
1841,5,12941,327,327
1842,18,14241,340,340
1843,12,15941,357,357
1844,5,17541,373,373
1845,22,19241,390,390
1846,12,782,403,403
1847,6,2482,420,420
1848,1,4182,437,437
1849,13,5482,450,450
1850,7,7182,467,467
1851,1,8782,483,483
1852,17,10482,500,500
1853,7,11782,9,513
1854,1,13482,26,530
1855,18,15182,43,547
1856,8,16482,56,560
1857,2,18182,73,577
1858,15,19482,86,590
1859,9,1423,103,607
1860,2,3023,119,623
1861,19,4723,136,640
1862,9,6023,149,653
1863,3,7723,166,670
1864,20,9423,183,687
1865,10,10723,196,700
1866,4,12423,213,717
1867,20,14023,229,733
1868,14,15723,246,750
1869,4,17023,259,763
1870,21,18723,276,780
1871,15,664,293,797
1872,5,1964,306,810
1873,22,3664,323,827
1874,12,4964,336,840
1875,6,6664,353,857
1876,22,8264,369,873
1877,16,9964,386,890
1878,6,11264,399,903
1879,1,12964,416,920
1880,17,14664,433,937
1881,7,15964,446,950
1882,1,17664,463,967
1883,17,19264,479,983
1884,1,1,1,11
1885,13,1300,13,13
1886,7,3000,30,30
1887,1,4700,47,47
1888,14,6000,60,60
1889,8,7700,77,77
1890,21,9000,90,90
1891,15,10700,107,107
1892,8,12300,123,123
1893,2,14000,140,140
1894,15,15300,153,153
1895,9,17000,170,170
1896,3,18700,187,187
1897,16,241,200,200
1898,10,1941,217,217
1899,3,3541,233,233
1900,20,5241,250,250
1901,10,6541,263,263
1902,4,8241,280,280
1903,21,9941,297,297
1904,11,11241,310,310
1905,5,12941,327,327
1906,18,14241,340,340
1907,12,15941,357,357
1908,5,17541,373,373
1909,22,19241,390,390
1910,12,782,403,403
1911,6,2482,420,420
1912,1,4182,437,437
1913,13,5482,450,450
1914,7,7182,467,467
1915,1,8782,483,483
1916,17,10482,500,500
1917,7,11782,9,513
1918,1,13482,26,530
1919,18,15182,43,547
1920,8,16482,56,560
1921,2,18182,73,577
1922,15,19482,86,590
1923,9,1423,103,607
1924,2,3023,119,623
1925,19,4723,136,640
1926,9,6023,149,653
1927,3,7723,166,670
1928,20,9423,183,687
1929,10,10723,196,700
1930,4,12423,213,717
1931,20,14023,229,733
1932,14,15723,246,750
1933,4,17023,259,763
1934,21,18723,276,780
1935,15,664,293,797
1936,5,1964,306,810
1937,22,3664,323,827
1938,12,4964,336,840
1939,6,6664,353,857
1940,22,8264,369,873
1941,16,9964,386,890
1942,6,11264,399,903
1943,1,12964,416,920
1944,17,14664,433,937
1945,7,15964,446,950
1946,1,17664,463,967
1947,17,19264,479,983
1948,1,1,1,11
1949,13,1300,13,13
1950,7,3000,30,30
1951,1,4700,47,47
1952,14,6000,60,60
1953,8,7700,77,77
1954,21,9000,90,90
1955,15,10700,107,107
1956,8,12300,123,123
1957,2,14000,140,140
1958,15,15300,153,153
1959,9,17000,170,170
1960,3,18700,187,187
1961,16,241,200,200
1962,10,1941,217,217
1963,3,3541,233,233
1964,20,5241,250,250
1965,10,6541,263,263
1966,4,8241,280,280
1967,21,9941,297,297
1968,11,11241,310,310
1969,5,12941,327,327
1970,18,14241,340,340
1971,12,15941,357,357
1972,5,17541,373,373
1973,22,19241,390,390
1974,12,782,403,403
1975,6,2482,420,420
1976,1,4182,437,437
1977,13,5482,450,450
1978,7,7182,467,467
1979,1,8782,483,483
1980,17,10482,500,500
1981,7,11782,9,513
1982,1,13482,26,530
1983,18,15182,43,547
1984,8,16482,56,560
1985,2,18182,73,577
1986,15,19482,86,590
1987,9,1423,103,607
1988,2,3023,119,623
1989,19,4723,136,640
1990,9,6023,149,653
1991,3,7723,166,670
1992,20,9423,183,687
1993,10,10723,196,700
1994,4,12423,213,717
1995,20,14023,229,733
1996,14,15723,246,750
1997,4,17023,259,763
1998,21,18723,276,780
1999,15,664,293,797
2000,5,1964,306,810
